,Price
0,363.71
1,659.3085187100479
2,472.8727166666666
3,897.448111111111
4,482.65350000000007
5,953.1397547619048
6,2153.877706349206
7,295.0444
8,696.8954666666666
9,322.87889999999993
10,318.03770000000003
11,343.20797896825394
12,219.35406666666665
13,801.1120000000001
14,638.511
15,671.1388000000001
16,690.9982000000001
17,1685.368395238095
18,444.91030000000006
19,296.9476
20,510.8235428571428
21,313.36305
22,356.208425
23,956.2226
24,822.5713988095238
25,858.389325
26,526.6474999999999
27,265.00424999999996
28,315.37180000000006
29,545.2429
30,457.5799333333333
31,266.53119999999996
32,438.1347
33,293.86160333333333
34,551.7621333333334
35,424.181
36,1044.3
37,320.5270000000001
38,1321.69815
39,753.7121792304916
40,1204.3432333333324
41,1361.7691999999993
42,410.40930000000003
43,520.9350999999999
44,407.38512698412706
45,301.35760000000005
46,562.7802963636364
47,956.1745577777779
48,497.0437333333333
49,518.476675
50,843.01875
51,457.6012
52,211.325
53,323.829
54,634.23
55,859.3414
56,453.19079999999997
57,814.7325
58,295.0140370540572
59,584.0402380952381
60,387.4975
61,677.4592000000001
62,450.62
63,802.1033333333332
64,888.1304296969694
65,565.182
66,631.3471795981795
67,374.61013333333335
68,352.94716666666676
69,793.722
70,864.4269000000002
71,222.83001428571433
72,1715.9300344100348
73,769.87
74,565.2557
75,332.52259999999995
76,343.20797896825394
77,562.9184
78,559.787
79,285.17833333333334
80,390.6519583333333
81,402.33
82,631.9699000000002
83,1033.9187833333335
84,1448.0883999999996
85,1108.2287500000002
86,497.6762333333333
87,422.58416666666665
88,1382.2669285714285
89,619.1461
90,1450.2701666666667
91,337.49076666666673
92,412.48
93,299.9922
94,283.16233095238096
95,584.2899000000002
96,1229.9724707539683
97,275.61
98,450.79
99,484.1460000000002
100,685.8541666666667
101,174.26
102,646.3772508608056
103,471.8314444444443
104,490.2637333333334
105,905.6233333333333
106,1130.005375
107,549.3754
108,447.24150000000003
109,905.6233333333333
110,439.0505999999999
111,314.84
112,685.8541666666667
113,396.9694666666668
114,355.75769999999994
115,311.13519999999994
116,400.50163333333336
117,438.50646000000006
118,384.6054000000001
119,843.0814714285714
120,431.14642857142854
121,265.2066666666667
122,647.2379480952382
123,1124.4155
124,393.75059999999996
125,1049.7803333333336
126,430.7442
127,892.91
128,901.1016666666667
129,1121.204
130,216.475
131,778.9121945276944
132,1819.3407666666662
133,712.1027011904762
134,335.5195
135,362.4033333333333
136,423.82
137,558.549930952381
138,871.5189999999999
139,418.08040000000005
140,203.45
141,348.89
142,688.5884333333333
143,374.3761
144,698.7394666666665
145,2135.5582
146,257.7057370129869
147,444.32761666666664
148,175.99
149,579.2947333333334
150,306.91
151,203.3698
152,284.1549999999999
153,921.0862380952381
154,703.8175500000001
155,541.97
156,378.4382
157,714.9044666666667
158,574.2798000000003
159,601.26
160,401.9439
161,660.2347666666666
162,614.2274
163,1118.9900516666671
164,629.5306483333334
165,712.1027011904762
166,627.2208999999999
167,420.01199999999994
168,607.8626
169,300.79400000000004
170,477.11369999999994
171,264.3995
172,531.8554333333333
173,2332.5990000000006
174,1250.0316666666665
175,365.2342833333333
176,1538.1782999999998
177,419.8569
178,532.1798
179,385.97033333333343
180,551.48
181,535.7819999999999
182,1069.8625
183,1031.532533333333
184,1160.6648333333333
185,332.47035238095236
186,538.511
187,453.412
188,354.29653333333334
189,266.1837714285715
190,1782.477561904762
191,418.38766666666663
192,481.7694
193,573.2575999999998
194,957.9671666666668
195,1998.735766666667
196,342.1675333333333
197,548.9814666666666
198,291.79650000000004
199,633.27
200,514.8233973775565
201,300.3891
202,288.28721666666667
203,1023.061
204,370.2422
205,376.96039166666674
206,2796.422
207,438.43
208,293.7003571428572
209,674.7676000000001
210,1080.2170999999998
211,713.173074199134
212,663.2657999999999
213,708.8456333333332
214,316.8588
215,1819.3334
216,388.50135238095237
217,181.52075000000002
218,1414.2542999999996
219,278.4504
220,1090.240722222222
221,514.0619668649634
222,287.29513333333335
223,397.9456666666667
224,1532.56
225,894.5326000000001
226,682.805
227,492.6128000000008
228,327.69449999999995
229,571.6968
230,403.41093333333333
231,341.037
232,1813.7287882395383
233,306.83
234,201.67
235,842.5899999999998
236,668.5502333333335
237,260.2120953768455
238,618.2382000000001
239,316.5048
240,413.0426
241,268.10020000000003
242,299.4021
243,741.1590666666667
244,614.2056000000006
245,253.10007142857143
246,964.2816999999992
247,1625.8155833333337
248,814.5092380952381
249,183.7266666666667
250,306.075
251,415.0838344155843
252,1090.240722222222
253,422.94
254,1467.1045904761902
255,662.0120999999999
256,520.1877
257,288.6969198412698
258,442.8335500000001
259,325.17190000000005
260,761.7311979653679
261,2106.3215999999998
262,80.8782142857143
263,526.26708
264,577.3551190476193
265,1054.3319999999987
266,254.7303
267,360.9250666666667
268,394.96020000000004
269,330.8201333333334
270,355.50189047619045
271,338.2836000000001
272,474.0079166666667
273,284.66203333333334
274,266.1825
275,402.2298333333333
276,511.14
277,359.59880000000004
278,644.1788095238095
279,654.4495066666666
280,430.83600000000007
281,165.22233333333332
282,639.5568
283,1555.16
284,436.9723333333334
285,337.76800000000003
286,237.0857
287,814.5092380952381
288,389.01
289,260.2120953768455
290,477.5389
291,417.4487
292,280.44199999999995
293,342.4928
294,504.35166666666663
295,358.44879999999995
296,451.57200000000006
297,639.6957997691197
298,523.3353999999999
299,321.77242642857146
300,323.1592
301,666.2417999999999
302,435.9065000000001
303,358.5402
304,814.5092380952381
305,1580.7857333333332
306,260.2120953768455
307,495.26115
308,1259.0109333333335
309,1444.128601090193
310,209.26
311,598.4544892857142
312,445.9245
313,419.76456000000013
314,306.2077333333333
315,999.4288
316,204.235
317,740.6783333333334
318,636.775
319,233.4
320,1613.71273
321,639.6957997691197
322,619.7240999999999
323,529.9639999999999
324,306.81940049110943
325,312.01533333333333
326,353.47147333333334
327,886.4104999999998
328,1063.0871666666667
329,648.2736000000001
330,749.7444
331,287.4254
332,872.198238095238
333,285.945
334,395.7122000000001
335,494.797
336,953.29
337,503.7089666666668
338,252.49
339,408.06160976190506
340,381.9943
341,251.0664
342,988.8179047619047
343,226.8
344,264.0717
345,784.5937000000001
346,617.87
347,785.5105093873674
348,417.0177
349,230.50727333333333
350,365.856
351,553.9805161904762
352,280.50960000000003
353,778.9121945276944
354,2196.4315214285716
355,335.0846666666667
356,658.99815
357,483.0749333333334
358,1111.8103999999998
359,370.4288
360,562.0075
361,242.15
362,353.36589999999995
363,551.7214022258297
364,639.2973333333331
365,446.89
366,299.61080000000004
367,474.49190000000004
368,1004.1388000000001
369,593.3389155843727
370,591.25
371,482.6351
372,278.5366666666667
373,400.7058999999999
374,316.50067333333305
375,322.64995999999996
376,498.0007
377,464.58193398268384
378,339.20760000000024
379,1979.3777249999998
380,919.9447333333333
381,310.7593
382,540.248
383,517.2244000000001
384,376.2918666666667
385,401.14639999999997
386,973.8099476190478
387,707.7108948484849
388,389.3896000000001
389,449.6294
390,732.5104618437119
391,773.56885
392,713.173074199134
393,261.1424
394,344.99409696969707
395,948.3766666666666
396,736.3566400000001
397,646.9129893939393
398,707.9848916666666
399,592.727
400,613.0446
401,903.2109221334223
402,663.5148666666666
403,749.6080000000001
404,358.8111333333334
405,841.5174000000001
406,191.96
407,447.89922619047616
408,594.9442999999999
409,307.13973333333337
410,377.545
411,716.6225
412,829.7488000000001
413,902.1308666666667
414,893.6639
415,790.7288000000001
416,453.7851925851925
417,1409.8237857142856
418,291.73833333333346
419,549.8987999999999
420,289.89940000000007
421,820.0134333333334
422,378.93699999999995
423,598.2400714285714
424,858.0060000000002
425,338.81
426,341.46729999999997
427,285.3471333333334
428,678.17
429,1154.8895999999997
430,754.065
431,464.01
432,903.2109221334223
433,783.7125716666665
434,1258.8723
435,641.3112999999998
436,259.7238666666667
437,200.91863333333333
438,705.6816000000006
439,415.536
440,718.8956533333335
441,753.7121792304916
442,235.97
443,434.37269999999984
444,252.577
445,321.1671666666667
446,1261.6977
447,378.06630000000007
448,328.18
449,255.75625
450,583.4541999999999
451,297.8449
452,306.86730000000006
453,852.4642690476195
454,857.748
455,837.5018000000001
456,352.2467333333334
457,332.76759999999996
458,278.6343
459,1861.450047619048
460,323.7222
461,941.1606666666667
462,268.18199999999996
463,207.72833333333335
464,619.3701
465,479.97619999999995
466,183.8457
467,281.1590757575757
468,527.2357
469,519.6914333333333
470,207.72833333333335
471,548.3114924603176
472,286.4748
473,505.8276
474,1312.6380566666662
475,545.5065999999999
476,543.185
477,551.7214022258297
478,185.58
479,319.49300000000005
480,1685.368395238095
481,442.68
482,528.4683333333334
483,206.22
484,524.1569000000001
485,179.32033333333334
486,458.6238920634918
487,1213.5747999999994
488,707.7108948484849
489,200.7748333333333
490,622.9159500000001
491,520.7866984126986
492,255.3545
493,221.49433333333343
494,848.1025999999999
495,430.18760000000015
496,1206.718761904762
497,347.4866666666666
498,448.3
499,833.59
500,374.4661999999999
501,289.33140000000003
502,785.5105093873674
503,205.65
504,358.50285
505,316.50067333333305
506,1013.313575
507,289.214
508,510.98
509,281.1115499999999
510,226.21
511,877.8532666666667
512,698.6204000000001
513,435.0744
514,439.9
515,327.90630000000004
516,406.17314492063474
517,924.1359
518,249.9795
519,861.4489999999996
520,268.8602857142858
521,599.5209
522,339.09726242972715
523,375.7414
524,191.50220000000002
525,1475.5825
526,263.15
527,844.6145999999999
528,451.0066666666667
529,658.99815
530,321.40139999999997
531,289.5577
532,312.0199
533,398.1132714285714
534,270.9433333333334
535,344.80993333333333
536,1140.1809166666667
537,280.22
538,1438.2316666666668
539,543.1829
540,773.3160952380952
541,666.1944
542,422.0867
543,300.64549999999997
544,584.408
545,367.4544
546,287.4866666666667
547,463.7387047619048
548,521.7695944444445
549,611.0796999999999
550,262.95830777777775
551,302.6691
552,310.45169999999996
553,632.0547000000001
554,731.3494000000001
555,297.8488
556,522.2797999999999
557,363.34479999999996
558,2342.5208999999995
559,543.4086333333335
560,556.0862333333337
561,423.0581999999998
562,406.50320000000005
563,449.1439999999998
564,914.958892857143
565,516.4361666666666
566,2342.5208999999995
567,231.503
568,761.7331000000001
569,288.6969198412698
570,471.8314444444443
571,453.8689999999999
572,293.8876
573,247.50945000000004
574,204.69559999999998
575,353.0213333333333
576,493.9618333333331
577,1228.1981
578,355.76550000000003
579,2293.6332000000007
580,228.98966666666666
581,312.029
582,1131.7847000000002
583,864.9002
584,352.8912
585,297.6668
586,361.61133444444437
587,405.76463333333334
588,396.68746666666664
589,453.5
590,379.77803333333316
591,658.99815
592,290.1146666666667
593,572.3284019047619
594,289.36446666666666
595,438.7780666666667
596,161.56220000000002
597,547.9091999999999
598,682.6935396825397
599,1685.368395238095
600,291.3105
601,253.84
602,959.4091000000002
603,563.9986666666667
604,315.139
605,189.1316666666667
606,249.2663
607,262.89799999999997
608,287.02626666666663
609,339.09726242972715
610,291.4641999999996
611,316.3724
612,341.9386
613,344.1456999999999
614,723.6969999999998
615,426.7512000000001
616,1479.3793333333333
617,333.7181
618,737.1134999999999
619,260.705
620,278.91633333333334
621,361.2761
622,435.7849666666667
623,272.43919999999997
624,574.9064
625,343.20797896825394
626,704.7994583333333
627,497.1433666666668
628,426.91100000000006
629,646.3772508608056
630,239.21
631,599.208576190476
632,196.26333333333335
633,1601.84
634,319.7740857142858
635,326.4033333333333
636,234.02073333333334
637,303.0843099999999
638,312.19810000000007
639,586.1529666666667
640,474.4705333333332
641,601.9001000000001
642,254.12590000000003
643,72.9156
644,329.3968
645,291.29650000000004
646,394.75
647,498.36378571428577
648,924.1359
649,506.03479999999996
650,610.11
651,487.48720000000003
652,666.6464119047627
653,639.6957997691197
654,1184.6919999999998
655,964.6505416666666
656,954.7514666666667
657,341.3884
658,536.5997333333333
659,234.7256
660,290.9293
661,331.3555
662,445.13
663,427.44539999999995
664,264.33000000000004
665,435.8052333333333
666,482.57059999999996
667,340.13809999999995
668,840.7157000000001
669,393.86449999999996
670,383.2121000000001
671,407.75299999999993
672,305.7925
673,452.1986
674,557.0109
675,276.2493
676,872.198238095238
677,349.775
678,279.43839999999994
679,517.5844000000001
680,590.875
681,510.528
682,662.2933250000001
683,496.25
684,305.38166666666666
685,237.8305
686,319.0492841269841
687,842.5899999999998
688,520.7632000000002
689,336.25266666666664
690,193.0
691,320.83833333333337
692,887.2708666666667
693,841.1246000000001
694,279.2822738095238
695,810.26
696,1065.73225
697,787.3544999999999
698,398.9133
699,564.88
700,278.18
701,1419.7322
702,925.9529666666666
703,1846.6176999999998
704,264.0162
705,509.6879999999999
706,348.0679
707,297.37789999999984
708,597.6319841269841
709,1909.2621000000001
710,415.82800000000003
711,523.6065000000001
712,495.48
713,606.9439
714,333.2404
715,592.9843055555555
716,502.4633333333333
717,1177.4780333333335
718,240.66276984126984
719,788.6226000000001
720,989.5084333333336
721,1316.381833333333
722,413.86879999999996
723,380.29339999999996
724,712.69
725,432.28576666666675
726,658.99815
727,486.3654444444443
728,1485.0269
729,409.22880000000004
730,504.881
731,317.64
732,494.1472666666666
733,672.6192
734,430.145
735,639.6957997691197
736,352.62160000000006
737,561.4523258330559
738,318.09400000000005
739,284.0938095238095
740,265.222
741,248.002
742,207.28190000000004
743,211.56
744,359.7961666666667
745,424.9466
746,669.6917833333334
747,408.31600000000003
748,400.62309999999997
749,438.4800999999999
750,549.7433333333333
751,1375.3322
752,842.5899999999998
753,497.0755166666667
754,738.5529999999995
755,965.3707999999996
756,575.8168999999999
757,2072.6175
758,215.23833333333332
759,492.1908
760,944.7801999999999
761,441.005
762,450.9252
763,873.9973333333334
764,1023.5166666666665
765,183.90349999999998
766,266.88
767,1218.0090380952379
768,1357.767485
769,227.8412333333333
770,679.3691999999995
771,421.9044095238096
772,780.6219
773,514.8233973775565
774,837.0316190476191
775,452.32
776,264.6710666666667
777,427.89
778,286.84800000000047
779,843.5579947744252
780,653.2164999999997
781,1582.0469999999998
782,574.1097833333333
783,294.1551
784,1243.2313666666666
785,201.3584
786,423.9869000000001
787,921.1111999999999
788,321.74530000000004
789,625.6516666666666
790,279.48400000000004
791,1959.2799666666665
792,276.34
793,373.43600000000004
794,169.47
795,399.6386
796,631.3471795981795
797,344.5989333333333
798,523.99
799,343.1300666666666
800,489.706575
801,652.8802666666667
802,541.9691
803,375.1487
804,368.97
805,293.0068
806,1331.6173333333334
807,232.77666666666664
808,356.1653
809,1065.348066666667
810,445.5535
811,2093.487
812,216.17
813,1137.6853999999998
814,317.625375
815,420.00083333333333
816,569.5386
817,676.1643333333334
818,614.7333333333333
819,270.79
820,496.35460000000006
821,343.20797896825394
822,356.58988116009
823,246.95100000000005
824,573.6626
825,670.2354
826,414.45520000000005
827,313.5378333333333
828,846.8732038239535
829,298.5173333333334
830,435.92190000000005
831,298.3627
832,319.29645
833,456.4964
834,136.68849047619048
835,850.7896000000001
836,812.7931666666668
837,470.6232
838,2158.326
839,702.2403999999998
840,917.3971766666666
841,640.3954
842,315.29690000000005
843,706.4290313852812
844,274.6119
845,1321.9288000000001
846,733.3507166666666
847,742.5828761904762
848,460.29
849,553.8857333333333
850,894.8938250000001
851,635.8583333333333
852,471.8939539682539
853,335.23
854,488.0982
855,337.4224
856,209.82333333333335
857,356.22581746031733
858,781.2894
859,385.97033333333343
860,707.1882349206346
861,299.08
862,522.1395
863,904.8719266666667
864,675.6608666666667
865,407.43
866,297.38
867,500.4124480952381
868,739.53
869,407.7142
870,275.04600000000005
871,867.3259666666667
872,181.22480000000004
873,873.9973333333334
874,641.79
875,311.0384000000001
876,430.54479999999995
877,619.3
878,491.59630000000004
879,525.2875
880,855.1946238095238
881,893.082437157287
882,533.1527928571428
883,405.8078
884,541.5636999999999
885,2298.898333333333
886,723.566738095238
887,600.0844000000001
888,663.7437000000001
889,636.8180666666667
890,620.2805333333333
891,335.9722000000001
892,341.5501333333336
893,366.51
894,451.9627761904763
895,1225.8579666666667
896,684.47
897,680.0409666666668
898,859.42
899,297.9853
900,262.2002333333333
901,315.085
902,316.88370000000003
903,238.3
904,373.19050000000004
905,765.5908999999998
906,640.8507
907,336.719
908,821.5692999999999
909,331.8521666666666
910,391.01
911,611.1914166666669
912,462.94013333333334
913,545.7118333333333
914,502.20735
915,367.2678833333333
916,305.1512
917,342.10790000000003
918,1012.5993333333333
919,1507.6100000000006
920,1715.9300344100348
921,620.9476
922,704.7848999999999
923,284.24060000000003
924,309.55
925,426.47119999999995
926,351.8269
927,246.7254
928,1715.9300344100348
929,369.465805
930,597.0162666666668
931,551.7214022258297
932,353.361
933,267.0911
934,121.29050000000001
935,417.18426666666676
936,1273.4544
937,261.68
938,313.79879999999997
939,277.3899666666667
940,376.04
941,288.1502
942,400.07133333333337
943,397.9456666666667
944,684.47
945,406.5658531746031
946,682.949
947,409.41693333333336
948,499.82053333333334
949,408.79830000000004
950,454.3565309523811
951,1242.6999999999998
952,308.418
953,852.4642690476195
954,400.77701666666667
955,797.34
956,767.4993000000001
957,1398.92
958,325.7962
959,418.54900000000004
960,370.60960000000006
961,332.5786
962,917.2822666666667
963,348.0353333333333
964,1027.1561000000004
965,266.3977
966,293.7003571428572
967,370.4141666666667
968,317.0851333333334
969,707.7108948484849
970,707.7108948484849
971,667.9929999999999
972,726.6139466666666
973,1150.3192166666665
974,346.0466
975,612.93
976,423.33
977,432.10898333333336
978,714.1394333333333
979,551.55
980,413.3993
981,578.2999
982,181.14486666666667
983,681.675
984,650.6651
985,672.4575
986,3487.880399999999
987,554.5861
988,707.6392
989,342.51823333333334
990,363.74345555555556
991,262.95830777777775
992,1994.896799999999
993,1444.128601090193
994,348.7651
995,3350.314216666666
996,219.87150000000003
997,209.0614
998,408.6524
999,325.10333333333335
1000,253.3145
1001,215.32416666666666
1002,1017.9363008333338
1003,332.9496000000001
1004,824.0896190476191
1005,1171.1714999999997
1006,485.5771285714287
1007,279.0975333333335
1008,742.6543666666666
1009,719.67
1010,989.3463
1011,1024.31884244228
1012,632.1278000000001
1013,306.2891
1014,867.7955000000001
1015,544.5728999999999
1016,206.22853333333333
1017,253.8910882936507
1018,577.0288999999999
1019,668.2156666666665
1020,340.64349999999996
1021,310.0853000000005
1022,329.8401
1023,315.32047142857147
1024,280.85799999999995
1025,277.5482
1026,753.0354409523806
1027,279.57
1028,577.1484666666666
1029,412.61
1030,278.4336
1031,571.7440476190475
1032,351.73547365079367
1033,721.4582
1034,396.01856666666674
1035,689.8279000000001
1036,893.082437157287
1037,80.8782142857143
1038,312.1548
1039,391.48339999999996
1040,253.09349999999998
1041,347.105
1042,561.928
1043,574.4332333333334
1044,771.9932000000001
1045,541.2278588888889
1046,454.7555000000001
1047,687.7193666666667
1048,2117.9495999999995
1049,289.4557
1050,1169.5140000000006
1051,467.69880000000006
1052,1204.3432333333324
1053,386.5800000000001
1054,753.7121792304916
1055,339.15
1056,550.54
1057,337.1028333333334
1058,693.8153
1059,437.9864047619048
1060,388.6671
1061,270.2718000000001
1062,471.8314444444443
1063,276.30500000000006
1064,1941.4663999999998
1065,770.0341999999998
1066,378.12
1067,666.4053999999998
1068,330.9533666666667
1069,334.7365000000001
1070,498.8913333333333
1071,425.3898333333334
1072,390.1845562770562
1073,455.74733333333336
1074,454.4644
1075,1734.2755
1076,537.3658
1077,1145.4546
1078,554.2493476190477
1079,535.2409333333333
1080,698.7394666666665
1081,329.55733333333336
1082,514.0553
1083,395.2989999999999
1084,658.46
1085,364.93421428571423
1086,314.327257936508
1087,345.76120000000003
1088,283.15
1089,414.04
1090,379.77803333333316
1091,974.7316666666666
1092,711.4182666666666
1093,400.38699999999994
1094,404.3447
1095,793.722
1096,600.5418999999999
1097,372.3444
1098,422.2845333333334
1099,672.6749272727274
1100,456.74869999999993
1101,663.5983333333335
1102,1118.8149666666668
1103,336.25266666666664
1104,288.6969198412698
1105,365.083
1106,678.8564
1107,814.8361666666665
1108,506.54400000000004
1109,293.2754
1110,80.8782142857143
1111,702.2267182539683
1112,344.2372000000001
1113,527.5880000000001
1114,466.25440000000003
1115,253.8910882936507
1116,242.70350000000002
1117,291.0385
1118,472.17449999999997
1119,1428.7681433333332
1120,288.28721666666667
1121,719.434723809524
1122,1713.6501999999998
1123,429.29149999999987
1124,631.0095122655123
1125,295.0140370540572
1126,729.1063142857143
1127,297.6322666666667
1128,365.96333333333337
1129,631.3471795981795
1130,306.81940049110943
1131,170.03
1132,407.72
1133,456.6902999999999
1134,376.82329999999996
1135,320.8914
1136,674.0361200000002
1137,80.8782142857143
1138,678.0789722871573
1139,1555.16
1140,260.6829
1141,876.4999000000003
1142,689.7777000000001
1143,1054.11
1144,357.9570666666667
1145,299.14209999999997
1146,623.9001000000001
1147,247.1562
1148,568.7450000000001
1149,474.61079999999987
1150,373.11330000000004
1151,378.23
1152,530.5649499389499
1153,369.97769999999997
1154,397.12199999999996
1155,589.8980999999999
1156,306.08103333333327
1157,570.58
1158,417.6425
1159,1444.128601090193
1160,493.19
1161,621.8902000000004
1162,317.35355000000004
1163,346.97810000000004
1164,3256.8623
1165,672.1456666666667
1166,309.18620000000016
1167,659.3085187100479
1168,359.33050000000003
1169,988.8179047619047
1170,303.3411
1171,310.54900000000004
1172,549.6013
1173,438.9552
1174,245.61520000000002
1175,311.36
1176,260.81666666666666
1177,392.39189999999996
1178,511.0996
1179,1099.8612
1180,1536.4119999999998
1181,802.1033333333332
1182,713.810965
1183,393.49017166666664
1184,771.6005999999996
1185,345.3075
1186,668.2925
1187,445.41
1188,406.1762999999999
1189,438.17204000000004
1190,321.3411
1191,1168.89
1192,264.6619
1193,326.1730666666667
1194,455.21990000000005
1195,333.4415333333334
1196,718.7
1197,548.45365
1198,631.3471795981795
1199,242.77
1200,465.11449999999996
1201,566.5885000000002
1202,129.34
1203,312.2027
1204,414.8853333333334
1205,227.43
1206,485.3603333333335
1207,314.2158
1208,650.9552097727272
1209,832.2178499999999
1210,1092.3793041666668
1211,527.44115
1212,351.0477
1213,300.9436666666667
1214,239.4236
1215,573.1279285714285
1216,584.7482
1217,418.66
1218,422.02979999999997
1219,317.4219
1220,215.7987
1221,541.7540000000001
1222,150.71
1223,594.263
1224,1050.1832266666665
1225,481.095
1226,320.1482619047619
1227,163.92863492063495
1228,870.2040000000001
1229,313.822595
1230,911.3091333333333
1231,368.3934
1232,308.9839952380952
1233,710.0330333333336
1234,1275.6577857142856
1235,936.741587301587
1236,1055.5762561904758
1237,463.3376
1238,413.5141157142856
1239,988.4463333333333
1240,322.6274
1241,351.7526
1242,289.94839999999994
1243,1403.2119
1244,347.99339999999995
1245,260.59
1246,213.91
1247,304.2803
1248,1153.569266666667
1249,321.1290107142858
1250,729.0716166666666
1251,964.3431733333335
1252,1621.85
1253,310.54900000000004
1254,738.1850000000002
1255,707.7108948484849
1256,278.2872
1257,899.39
1258,306.0249799999999
1259,276.04470000000003
1260,706.3032
1261,323.83988571428574
1262,898.1503471805971
1263,813.5979
1264,1202.4976000000001
1265,479.06200000000007
1266,910.7288000000001
1267,346.7684
1268,873.7718708333334
1269,519.5250000000001
1270,188.41726666666665
1271,243.32566666666665
1272,185.9422380952381
1273,252.76633333333336
1274,356.55242
1275,423.18550000000005
1276,272.9359666666667
1277,606.4548333333333
1278,365.7206
1279,657.5679000000001
1280,1915.9774650000002
1281,331.7646428571429
1282,1239.3006666666665
1283,1450.18
1284,360.84690476190474
1285,548.3114924603176
1286,235.46120000000002
1287,1663.0365999999997
1288,426.1684333333334
1289,465.57605333333333
1290,301.7591
1291,464.3795000000002
1292,368.9261666666667
1293,593.3389155843727
1294,766.6240000000003
1295,368.3347333333333
1296,417.3144000000001
1297,675.3711666666663
1298,202.3022
1299,976.0244
1300,1079.4310666666668
1301,2117.3066666666664
1302,403.01
1303,255.40266666666668
1304,365.8375
1305,337.86009999999993
1306,1200.0511999999999
1307,1049.3176999999998
1308,1219.31
1309,646.3772508608056
1310,922.7662333333334
1311,1839.78
1312,273.5122
1313,448.54
1314,799.0033071428572
1315,292.7563333333334
1316,405.76463333333334
1317,369.0404333333334
1318,606.9019666666667
1319,478.5722166666667
1320,334.90958714285705
1321,614.1595
1322,840.5850727272726
1323,1172.667705595238
1324,399.25569999999993
1325,528.4238333333334
1326,670.5873738095237
1327,1087.8319333333334
1328,839.2520666666668
1329,308.8161666666667
1330,527.0318000000001
1331,2796.6756
1332,1248.7714
1333,376.33558333333326
1334,305.9277333333333
1335,244.265
1336,246.96
1337,474.55107999999996
1338,138.85
1339,324.67850000000004
1340,255.75625
1341,1838.5076000000001
1342,459.8355
1343,206.1
1344,2196.4315214285716
1345,375.9815047619049
1346,294.6676
1347,367.92981785714306
1348,329.7761666666667
1349,1467.1045904761902
1350,778.424
1351,402.46540952380957
1352,732.2766666666668
1353,905.6410000000001
1354,377.2147
1355,366.32236666666665
1356,257.7057370129869
1357,676.7389226190473
1358,1561.3701
1359,803.241138095238
1360,600.389595833333
1361,343.20797896825394
1362,623.7887000000001
1363,353.582
1364,648.0246
1365,462.38
1366,925.7963333333333
1367,718.8956533333335
1368,465.17506666666634
1369,308.92831666666666
1370,510.29
1371,429.8344
1372,657.4748333333331
1373,384.79498392857147
1374,2819.79875
1375,589.2419
1376,3560.8479
1377,255.24020000000002
1378,538.548
1379,282.4651
1380,410.94
1381,451.86690000000004
1382,597.4151999999999
1383,932.8457483594019
1384,399.96776666666665
1385,593.3389155843727
1386,679.4065333333333
1387,1070.9213
1388,369.24679428571415
1389,340.245
1390,512.8602380952382
1391,649.5224916666665
1392,1406.3374
1393,706.4290313852812
1394,275.1720000000001
1395,252.444
1396,1434.2472000000002
1397,528.4683333333334
1398,200.422
1399,672.0916999999998
1400,296.25688788185494
1401,644.7845999999998
1402,786.6633357142864
1403,165.87
1404,364.3138000000001
1405,212.24540000000002
1406,830.0295515873015
1407,313.5378333333333
1408,1139.4180000000001
1409,363.0507
1410,454.8951
1411,1063.0871666666667
1412,751.5088000000001
1413,567.2971333333334
1414,148.56
1415,469.5189
1416,409.86660000000006
1417,181.52075000000002
1418,421.40398174603166
1419,1676.1
1420,1154.7021666666662
1421,242.43216666666672
1422,3215.7223000000004
1423,1030.591176190476
1424,466.2344000000001
1425,372.8527
1426,396.9101666666666
1427,632.1196999999996
1428,332.11154285714287
1429,594.4823333333333
1430,1715.9300344100348
1431,238.66666666666663
1432,357.4762666666666
1433,390.28509999999994
1434,472.9109523809524
1435,618.485
1436,914.0354
1437,326.70403333333337
1438,287.76215
1439,260.4006
1440,381.2436
1441,1622.6296666666667
1442,644.1741999999999
1443,1563.3
1444,907.81038
1445,224.24120000000002
1446,256.17511111111116
1447,370.515
1448,222.3032
1449,1783.1815416666668
1450,354.00410000000005
1451,783.8988
1452,864.5695
1453,606.4548333333333
1454,218.421
1455,843.4235000000001
1456,433.1004333333334
1457,992.000238095238
1458,2386.5
1459,1528.7007
1460,757.5486833333334
1461,1145.4157
1462,968.8185000000001
1463,570.9288333333333
1464,1214.6555
1465,350.8723999999999
1466,1117.1214333333335
1467,168.94349999999997
1468,373.29886666666675
1469,434.8244
1470,364.2414999999999
1471,631.3471795981795
1472,559.76
1473,400.38699999999994
1474,327.9811333333333
1475,292.53479999999996
1476,354.411
1477,263.20273333333336
1478,425.24
1479,539.706216666667
1480,820.3506666666667
1481,212.8671
1482,253.36
1483,970.7572
1484,748.3944
1485,600.389595833333
1486,716.8182
1487,303.88399999999996
1488,362.55459999999994
1489,1079.0498
1490,491.06746666666675
1491,262.51
1492,800.0563166666668
1493,1172.667705595238
1494,514.1015666666666
1495,656.7615
1496,312.45810000000006
1497,1382.2669285714285
1498,351.29320000000007
1499,644.1788095238095
1500,261.08666666666664
1501,264.9643
1502,517.1362666666668
1503,436.4965
1504,379.5341
1505,263.2675
1506,604.9152
1507,764.2441
1508,796.9651173052881
1509,355.4346
1510,1110.247154563492
1511,416.0433333333333
1512,211.8
1513,291.4611
1514,303.97006666666664
1515,673.1875
1516,236.78
1517,390.9885
1518,439.819
1519,235.02700000000002
1520,238.285
1521,1192.9885000000002
1522,816.0409999999999
1523,367.0636
1524,2298.898333333333
1525,603.1908
1526,431.9732000000001
1527,1517.6325
1528,652.479
1529,329.34471666666667
1530,1001.1786333333331
1531,942.9089533333333
1532,1715.9300344100348
1533,651.3336166666667
1534,479.26633333333336
1535,613.5466666666666
1536,198.1465333333333
1537,338.15264285714295
1538,660.1329999999999
1539,872.198238095238
1540,719.8421450216451
1541,2973.4045
1542,388.06909999999993
1543,360.54
1544,765.3231
1545,703.6217
1546,178.9066
1547,606.8433333333334
1548,514.8233973775565
1549,284.4021
1550,370.69645
1551,566.7195333333333
1552,819.7966666666664
1553,637.3051333333334
1554,573.6813999999999
1555,934.4932857142858
1556,361.27660000000003
1557,493.44626666666665
1558,409.5665
1559,858.389325
